EC	Sh0	Sh1	Sh2	Sh3	Sh4	Sh5	Tr0	Tr2	Tr4	H	W	S6	S	J	X0	X1(R)	X2	X3	X4	X5	Sh0_EMB	Sh1_EMB	Sh2_EMB	Sh3_EMB	Sh4_EMB	Sh5_EMB	Tr0_EMB	Tr2_EMB	Tr3_EMB	Tr4_EMB	Tr5_EMB	H_EMB	W_EMB	S6_EMB	S_EMB	J_EMB	X0_EMB	X1(R)_EMB	X2_EMB	X3_EMB	X4_EMB	X5_EMB	ATSc1	ATSc2	ATSc3	ATSc4	ATSc5	ATSm1	ATSm2	ATSm3	ATSm4	ATSm5	ATSp1	ATSp2	ATSp3	ATSp4	ATSp5	SCH-6	SCH-7	VCH-6	VCH-7	SC-3	SP-0	SP-1	SP-2	SP-3	SP-4	SP-5	SP-6	SP-7	VP-0	VP-1	VP-2	VP-3	VP-4	VP-5	VP-6	VP-7	SPC-4	SPC-5	SPC-6	VPC-4	VPC-5	VPC-6	ECCEN	FMF	tpsaEfficiency	HybRatio	Kier1	Kier2	Kier3	MDEC-12	MDEC-13	MDEC-22	MDEC-23	MDEC-33	TopoPSA	VAdjMat	VABC	WTPT-1	WTPT-2	WTPT-3	WTPT-4	WTPT-5	WPATH	WPOL	Zagreb	<
1.1	5.936043687	5.875872238	5.917606477	5.881015546	5.910579649	5.882683778	402.0740741	201.4703704	151.2965952	1663.671888	17556972.17	14086.3278	70322629.19	3.039285369	289.6435025	197.8502393	132.8843276	89.05580611	59.52440446	39.69714477	5.936043687	5.917950259	5.924794347	5.919421144	5.921588629	5.919334906	402.0740741	105.0998513	2.681084488	49.32575203	3.523537773	2268.752002	17281889.23	66998.05412	133018596.5	0.03467353	206.9728342	199.7603135	190.6179273	181.6603377	172.9703643	164.5428591	0.812443704	-0.423450635	0.057874189	-0.0494558	-0.00136608	41.29701414	39.45806411	57.03788974	60.87321415	59.31018863	2037.949825	2415.050334	3461.801228	3600.403465	3291.987809	0.348154388	0.625174163	0.151494593	0.225618804	2.751523703	21.3878246	13.98825217	13.30140147	10.62059673	8.721600615	6.860042444	4.873527295	3.464207866	16.89359172	9.96227908	7.965433259	5.616589023	4.004818437	2.755086516	1.694508399	1.05918968	5.54037756	8.709151302	12.20628387	2.282265248	3.130481159	3.763130353	774.5349794	0.640755177	0.284304597	0.408061679	23.78768135	10.31917052	5.978772674	2.858655803	3.299259759	9.340612261	18.06850512	9.229796771	122.7225103	5.882691263	375.1968792	59.45819147	2.012319494	25.05149907	13.88567751	7.899168479	3453.73251	48.60082305	155.7530864	>
1.11	5.967161511	5.90124545	5.945839628	5.906416491	5.937871805	5.907994436	469.7238095	235.3190479	176.6096407	2063.635677	36974845.08	17422.33065	147976903.3	3.02961058	337.5165213	231.6548579	156.6984129	105.8766502	71.45333105	48.20251959	5.967161511	5.947552204	5.95465734	5.948835546	5.951128713	5.948692536	469.7238095	122.3532103	2.988136693	57.24787629	3.906238472	2772.53339	36496454.99	82443.41634	282019487.5	0.037991455	241.205271	233.5393348	223.9058658	214.5084788	205.3713734	196.4984382	0.605768057	-0.304368179	0.041962604	-0.051233525	0.000126336	34.11750441	32.93478968	46.96788615	49.85146998	47.72880339	1776.375933	2076.255161	2915.078146	3038.841496	2766.114106	0.277675211	0.501786472	0.117286915	0.183383399	2.21347419	19.19644842	12.47329986	11.53351684	9.129927117	7.296090537	5.656339017	3.890672587	2.744332447	15.40813844	9.013946988	7.027324161	4.932116531	3.466983695	2.346604684	1.421736209	0.892229012	4.574522204	7.06162961	9.846065289	1.961923925	2.719052796	3.30927109	682.1904762	0.585712549	0.280342122	0.407489306	21.76881047	10.09362862	6.332132577	3.334319653	3.620381289	9.067934046	16.15054618	6.986898975	102.4477143	5.616032272	346.5914049	52.55553819	1.994579227	20.02868161	10.98776868	6.942843141	3058.161905	41.27619048	134.1142857	<Sh0>
1.13	6.471118344	6.436514824	6.46045457	6.439344086	6.456432769	6.440316126	656.7777778	328.8826387	246.9086978	2997.065466	49981109.79	25253.74187	200017243.7	3.080808551	469.7823975	325.1942912	222.8822548	152.6094342	104.3815732	71.31822636	6.471118344	6.459639335	6.463669707	6.460265905	6.461396247	6.45998024	656.7777778	171.2200398	3.725524382	80.22546771	4.967882804	3991.329975	49319502.25	118608.4695	380581813.1	0.019994085	336.9483174	326.9284409	315.1844103	303.6553992	292.3470153	281.2632784	0.5250789	-0.241911102	0.000865722	-0.022645979	-0.007062728	32.26344398	31.09973777	45.54373817	49.32155412	47.57224857	1762.830619	2096.807583	3022.841416	3184.250344	2856.823943	0.307649838	0.56694936	0.148679966	0.236613862	2.208764157	17.82565558	11.67466585	10.98523462	8.952153365	7.28991403	5.831817997	4.036251379	2.929100236	14.28773039	8.405832133	6.781185389	4.889909824	3.510343528	2.479762236	1.531497701	0.986955047	4.741486142	7.477370916	10.7189514	2.088789916	2.941137117	3.652120779	508.2777778	0.653531891	0.247311449	0.329501707	19.57582865	8.355824783	4.642261948	3.027062178	3.442135497	9.735209456	17.27415488	8.045357698	84.34208333	5.607947854	318.1621293	49.54113322	2.010610283	16.3887001	9.740310626	4.517638129	2002.5	41.25	129.7222222	D
1.14	6.242248824	6.199582364	6.229039713	6.202956977	6.224092255	6.204096263	518.1940299	259.5863477	194.9199368	2241.364889	24753588.1	18935.51727	99117917.55	3.067980538	371.7928769	255.8980713	173.8721229	117.9513512	79.90093054	54.03237996	6.242248824	6.228553736	6.233450492	6.229257301	6.23074774	6.228971897	518.1940299	135.3055316	3.4822881	63.37178664	4.485461615	3024.298707	24360752.8	89609.84786	187593040.9	0.024635887	266.2973538	257.7248386	247.3270464	237.1567398	227.2603101	217.6369579	0.515494954	-0.267127011	0.043698184	-0.035513732	-0.007442217	32.06795151	29.5315417	42.72255398	45.66183718	42.06564322	1593.415708	1872.575776	2648.459562	2744.201185	2438.857926	0.253251821	0.422647924	0.098163153	0.143005749	1.915707204	16.81742573	11.05862471	10.19652686	8.279998343	6.652376133	5.155252119	3.566258879	2.493584151	13.4996236	7.828552784	6.114954897	4.276776045	2.979270075	2.008256413	1.201907549	0.729914185	4.175256312	6.412595055	8.881778889	1.718287353	2.300747486	2.716295334	499.8446005	0.636005181	0.240790471	0.359279988	18.66532062	8.335201763	4.936275073	2.502093876	2.725832476	8.744993234	14.77182844	6.072577822	80.06583845	5.508184594	296.9455853	46.6720188	2.004183414	17.52964966	7.876489287	7.417855123	1948.67252	37.04477612	120.022827	DSh0
1.16	6.549650882	6.518632118	6.540082037	6.521161513	6.536532536	6.521940204	699	350	262.75	3221.252609	57693319	27144.32858	230831920	3.084982291	499.6420044	346.3044133	237.8031312	163.1522066	111.8304978	76.54069985	6.549650882	6.537765387	6.541384174	6.537834972	6.539077148	6.537561825	699	183.8276215	4.110417843	86.87696075	5.581109047	4283.179499	56921900	125290.1061	435040756	0.0179703	360.4220064	347.7880889	333.8698567	320.4554745	307.4736951	294.8693187	0.657484769	-0.359791624	0.020764418	0.006762757	-0.024691887	29.44388761	26.42086036	39.10205125	37.6979971	34.60648051	1225.778666	1418.123569	1952.23529	1873.984983	1587.453623	0.216017885	0.387511516	0.085019542	0.114000939	1.849249519	15.00585604	9.598953025	9.042314397	6.864067445	5.280913169	4.052750035	2.902285889	2.046650947	11.5171604	6.787723989	5.15129254	3.374643758	2.211044104	1.448629431	0.8267498	0.47785016	3.59885212	4.869666363	6.452119336	1.170328049	1.359905363	1.508475085	411	0.36031984	0.443746087	0.498785425	16.8431713	7.535990694	4.88633888	0.653157584	1.056635263	3.737519074	9.686644309	5.12386557	117.6933333	5.1949875	249.9996943	40.47377268	1.953803324	22.05923075	7.735814126	9.984255068	1281	29.66666667	102.6666667
1.17	6.142538426	6.084160524	6.123186027	6.087683427	6.116262692	6.088717727	584.4473684	292.7236842	219.6921057	2715.696703	86223258.53	22873.36432	344911328.9	3.041500206	418.6410619	289.0280975	197.2578621	134.4994766	91.68967882	62.47413267	6.142538426	6.125299384	6.131883525	6.126743072	6.128742388	6.126586	584.4473684	151.8487585	3.454659606	70.86359787	4.587234993	3598.503021	85387207.42	107396.6927	659855515.9	0.033836976	299.447172	290.8525981	280.2822119	269.720736	259.3527287	249.3142778	0.837486862	-0.432271239	0.03869453	0.008761289	-0.085075284	40.72569201	39.70834986	56.51570873	59.91504231	58.11161018	2050.600229	2402.428097	3375.29524	3488.542297	3255.063797	0.335925123	0.604975665	0.14149117	0.20634814	2.677645867	22.21652407	14.47331961	13.50136018	10.67225443	8.567738593	6.669782623	4.61812948	3.231535062	17.69009103	10.39449181	8.209710718	5.64315553	3.992411154	2.682292281	1.631849305	1.009829281	5.349262157	8.254223814	11.63640006	2.140537921	2.94613823	3.544240364	840.6842105	0.607790902	0.314911532	0.444500216	25.28887105	11.77486741	7.505844565	3.461777819	3.932187713	9.937227688	16.7056378	9.50440827	132.4042105	5.901393964	395.8062114	61.12390292	2.007739418	26.76395015	14.42325605	9.511423562	3974.052632	48.18421053	157.1052632
1.18	6.226490541	6.183535961	6.213239539	6.187010887	6.20827908	6.188247099	507.3333333	254.1666667	190.875	2181.776736	22558534.11	18435.53122	90349936.44	3.065389667	364.1132047	250.47108	170.0387313	115.23554	77.94829784	52.61776999	6.226490541	6.213115103	6.218097557	6.214056061	6.215710518	6.214024346	507.3333333	131.4643216	3.341435989	61.29678769	4.387029913	2947.70825	22179943.44	88433.30643	171783872.4	0.02482739	259.6845065	252.3732209	243.0274073	233.8097163	224.9258379	216.2104972	0.979271773	-0.489297414	0.098373966	-0.126406069	-0.043273745	45.96188315	44.62206409	66.05324155	75.4099651	75.94491679	2401.560267	2885.86401	4248.102762	4621.915227	4275.27766	0.306731507	0.662212358	0.131686277	0.239810505	3.420348725	24.93767312	16.16709718	15.58460831	12.83205638	10.52610649	8.477688959	6.129408417	4.466703607	19.49509592	11.21546007	9.22407218	6.475344239	4.612594005	3.198236418	2.067701956	1.285152096	7.257211239	11.47103966	16.67375584	2.988343279	4.089387786	4.974798215	927.1111111	0.638138001	0.279878169	0.407302499	27.7181493	11.65508141	6.665838238	3.854827729	5.079642213	8.429919193	20.89173878	15.08800737	147.8511111	6.1190974	433.4694813	69.07051797	2.019470505	29.38170939	18.2922235	8.819588801	4698.444444	61.33333333	184.2222222
3.1	6.142918195	6.082927092	6.124262158	6.088396378	6.117185999	6.089778558	557.3162508	279.0841718	209.4850422	2530.117359	59150690.34	21321.3813	236700613.1	3.040921462	399.4467855	275.4464693	187.708993	127.8073195	86.94175773	59.08296282	6.142918195	6.125009275	6.131686745	6.126385426	6.128464108	6.126232691	557.3162508	145.7908083	3.544016444	68.62935921	4.671848863	3374.672431	58471989.41	99801.81398	448927132.5	0.033769831	286.5801884	277.2515396	266.1524293	255.3673075	244.9199009	234.8209611	0.745531787	-0.390125575	0.040954141	0.018875144	-0.076950773	36.90634074	36.02577847	52.14104203	57.20746269	56.22171507	1992.200492	2350.992241	3357.402609	3553.55246	3309.19216	0.297824808	0.554875753	0.12436511	0.193724172	2.480545256	20.79549166	13.49624038	12.61105867	10.27488781	8.332884279	6.486828606	4.491217791	3.161167335	16.72683619	9.675231577	7.713753883	5.413079277	3.828830098	2.608798948	1.56472254	0.973843855	5.410150335	8.485132378	12.09169711	2.25402502	3.08642139	3.768613396	717.0842886	0.625739001	0.283223538	0.418255517	23.35358153	10.27491368	5.852268288	3.819053208	4.023663581	8.113854301	16.67123645	8.087488818	107.6580647	5.769700012	370.2246927	57.11803874	2.00846837	23.11564734	11.84862424	9.272762777	3831.549562	47.50033715	148.3884019
3.4	6.161389025	6.10873977	6.145059262	6.112759551	6.138824653	6.114084685	553.5688406	277.2803442	208.1861331	2511.388663	64493435.58	21173.29367	258017426.4	3.052410212	396.7936434	273.5971895	186.3984639	126.8110463	86.17311506	58.50272317	6.161389025	6.145063968	6.150916523	6.145945005	6.147816982	6.145690548	553.5688406	144.5468559	3.347309716	67.62288447	4.416252912	3348.26656	63814915.68	99279.93164	492554043	0.030498537	284.4139031	275.3912876	264.4413143	253.7486307	243.3803819	233.3279226	0.630677006	-0.333490574	0.036835222	0.0165102	-0.054320735	34.55247412	32.98469659	46.93348992	49.47231602	47.99293565	1716.981605	2021.210226	2867.215936	2975.607067	2709.792953	0.277674548	0.499152877	0.127929539	0.193666248	2.206495914	18.37040403	11.9895046	11.19911419	8.801712213	7.266879666	5.600028423	3.946639559	2.785788033	14.69024793	8.636076742	6.789428504	4.748959003	3.412338644	2.300757406	1.416337767	0.881341481	4.404555653	7.014822564	9.688588192	1.871391019	2.634376335	3.127400421	595.3369565	0.551853709	0.287025077	0.470588165	20.57318444	9.213112091	5.913797687	2.414750731	3.070121898	8.599755607	15.19384455	7.124869667	99.11701087	5.572584917	326.243252	50.67708692	1.989836218	20.41267415	10.63980821	6.978080534	2493.15942	40.03804348	130.4746377
4.99	6.04973353	5.998596659	6.033958623	6.002733545	6.028048281	6.004194837	424	212.5	159.625	1748.245147	12939314	14794.36342	51881079	3.056339871	305.1876396	208.8044133	140.5759488	94.40220664	63.21690657	42.20110332	6.04973353	6.034654364	6.039485593	6.034828391	6.035957283	6.033964394	424	111.6278915	2.656250715	52.57836533	3.441336632	2386.32623	12704100	70099.92823	97283672	0.02956691	218.8473861	210.7113026	200.8097375	191.5186272	182.5901387	174.0318626	0.732902052	-0.37646904	0.025654704	0.110971675	-0.243647729	42.9617606	41.54571777	58.1060045	60.54718734	62.21589569	2241.561252	2596.16092	3575.667535	3647.221022	3537.779375	0.338511153	0.504822464	0.147201095	0.176987418	2.743314021	24.11283032	15.7689712	14.57356897	11.28642499	9.058247337	6.878193515	4.653504164	3.1702483	19.30838532	11.44528856	8.839177343	5.934225527	4.133066893	2.690438258	1.5700682	0.956128053	5.318481758	7.970687282	10.79786242	2.001683451	2.617278285	2.918088301	1016.5	0.631104162	0.275783849	0.379915515	27.91528255	13.81639383	9.26980179	3.480227693	4.086742861	10.46927378	15.95557028	9.842450696	130.51125	5.987554884	431.9537444	66.37094352	2.014165919	27.66877265	10.5703546	14.05562547	5715.75	49.875	168
7.1	5.78689727	5.720387695	5.766379977	5.724730743	5.758848285	5.726196212	326	163.5	122.8749847	1258.343692	5917166	10672.68206	23769312	3.026073172	235.8911751	159.8044133	105.9277165	69.83139971	45.94044212	30.07439469	5.78689727	5.766942667	5.774148056	5.767583291	5.770050889	5.767184916	326	86.2750473	2.781250954	41.165905	3.519412756	1749.200597	5774275	50801.55407	43999180	0.038405108	168.969071	161.7483463	152.574392	144.2112674	136.0684749	128.29464	0.607127361	-0.327752334	0.037504231	0.039216073	-0.076733954	36.51551443	35.73913659	50.10522912	49.94985653	47.76845696	1844.905787	2143.354617	2973.624528	2975.315525	2642.846384	0.322977696	0.460493179	0.136397591	0.180213153	2.789662858	19.70902196	12.74698566	12.32101604	9.272580043	7.121631955	5.488504752	3.797774401	2.697289853	15.47523303	9.088513692	7.332709891	4.909631022	3.261021641	2.176864631	1.309513033	0.81531076	4.945759855	6.775066558	8.974666572	2.008113877	2.432189565	2.762921286	671	0.570035913	0.272489037	0.39255633	22.22180006	9.730976151	6.29999483	2.745815787	2.886507426	10.88737796	15.79505649	5.268811442	103.3514286	5.827086882	348.7939507	54.0597526	2.001846102	21.80180573	8.492482982	9.005994502	2282.857143	40.42857143	139.7142857
1.2	6.197610084	6.15305637	6.183886826	6.15653963	6.178666179	6.157752574	495.7529412	248.3764706	186.5297058	2123.821482	21460559.69	17958.52994	85921999.95	3.066414443	355.9246309	244.6808839	165.9432663	112.3295724	75.89691734	51.2033591	6.197610084	6.183267609	6.188398431	6.184026169	6.185680531	6.183799652	495.7529412	129.5918917	2.954665319	60.90339127	3.948579157	2871.407989	21113594.12	84745.89766	162224955.9	0.025757893	255.0234777	246.5017515	236.0518779	225.6563264	215.5386912	205.7538925	0.687695412	-0.361034783	0.038884797	0.010018893	-0.059978563	38.99133546	36.93069083	53.49370692	57.27042607	55.74082258	1939.909971	2286.311824	3261.327974	3374.254952	3026.479686	0.313708479	0.558416472	0.133620675	0.200081834	2.486321435	19.45457109	12.69133642	11.96784549	9.598344989	7.881760889	6.124742882	4.293211999	3.066475209	15.61748887	9.186204464	7.287582067	5.240721842	3.748359213	2.522033832	1.528044301	0.964908817	5.032564654	7.962483779	11.12388972	2.18842517	3.066921381	3.628003494	676.6823529	0.593842702	0.311891992	0.401127742	21.64554565	9.454872178	5.39922217	2.551814222	2.606802934	7.435536555	15.31709888	6.725094328	118.3250588	5.717452926	342.1801015	53.81705966	2.00333043	23.86084698	11.31302545	8.412186036	2968.588235	43.89411765	140.3764706
1.3	6.080386974	6.02635161	6.063564395	6.030816655	6.057207179	6.03220988	479.4269663	240.173034	180.3182071	2080.551257	33465001.54	17573.04823	133941525	3.048101298	344.354618	236.5242972	160.1993195	108.3400848	73.15799693	49.33619442	6.080386974	6.064028323	6.070207714	6.06546314	6.067326644	6.065391686	479.4269663	124.2152816	2.990486292	57.96768506	3.963494671	2803.209237	33037140	84061.40557	256819956.4	0.03110061	245.4731649	238.4308725	229.3562894	220.4097698	211.6673289	203.1631201	0.726140427	-0.387438889	0.08905136	-0.073910875	-0.001070103	40.37529878	38.16108658	54.88238935	57.93852085	56.31112651	1930.912884	2283.72666	3263.651996	3346.622892	3027.420315	0.320547834	0.595753113	0.137171347	0.208578761	2.596169985	20.10825899	13.10433083	12.48056778	9.90139308	8.111496876	6.308289885	4.483225598	3.198548627	15.79222517	9.282752412	7.368130965	5.182044668	3.647717158	2.478237475	1.523124453	0.949064582	5.167944718	8.078207675	11.29410342	2.081915976	2.804333376	3.337740926	696.1011236	0.614719315	0.306636161	0.366655003	22.33782626	9.687560798	5.667704095	2.170212516	2.915842532	7.432473833	16.49815827	8.979382033	123.6006742	5.755090869	348.5831859	55.67932456	2.003999013	24.98893104	11.99648951	8.909160624	3058.022472	44.8988764	145.5280899
1.4	6.290789978	6.249936652	6.27817331	6.25322092	6.273452733	6.254309894	549.6190476	275.3095238	206.7294798	2416.394736	31398206.54	20388.73473	125709937.8	3.071960277	394.0068847	271.6190043	184.9998122	125.8204988	85.44163415	57.9136841	6.290789978	6.277238362	6.281897679	6.277813303	6.279226711	6.277490807	549.6190476	143.5475556	3.193870062	67.3384706	4.273589086	3245.920579	30952509.7	96145.03075	238429896.3	0.023685153	282.5036261	273.3763743	262.5793282	252.1000526	241.9156486	232.114177	0.616262298	-0.335699762	0.057594321	-0.018558889	-0.034232286	34.78562457	31.69746389	45.90737522	49.14476781	46.32855154	1671.794923	1974.506232	2809.713903	2920.305091	2604.553198	0.293478335	0.517891726	0.115488847	0.181388439	2.049868032	17.74369345	11.70928553	10.86095934	8.827298447	7.177794961	5.679436684	3.958098116	2.839799485	14.32171055	8.404023008	6.64644746	4.703596125	3.341508836	2.30971499	1.415324353	0.904766008	4.389674141	6.846197798	9.623822078	1.886952073	2.60532368	3.190437708	607.9880952	0.641780653	0.236067104	0.386175388	19.59437869	8.673259996	5.012452633	2.690666492	2.758511508	7.779989396	13.71077624	6.200286134	89.33392857	5.533832518	315.5498712	49.5512351	2.010896216	19.65179691	9.215963532	7.882963739	2798.309524	39.55952381	128.2857143
1.5	5.701655502	5.622754027	5.678428855	5.628932189	5.669260476	5.630936568	327.1627907	163.9453498	123.1587948	1296.236878	10338777.42	10991.28337	41437295.26	3.008137445	236.6132466	160.4172356	106.5227593	70.45326491	46.48484049	30.61932877	5.701655502	5.679175564	5.687515689	5.681191729	5.683855778	5.681134874	327.1627907	85.8926168	1.997332759	40.40469689	2.746671627	1787.038755	10153004.47	52318.45886	78119264.16	0.044916073	168.9493895	162.3767945	153.7052026	145.2910889	137.1616132	129.2994633	0.689780389	-0.352398588	0.004343196	0.040838785	-0.064819467	37.57737761	35.12422311	50.11608954	53.33812897	51.81679331	1843.084194	2180.307611	3113.66681	3257.899686	2970.167592	0.309043046	0.546784329	0.128877909	0.19253801	2.276219422	19.37187123	12.76099058	11.94180054	9.570406029	7.920484859	6.251304922	4.307416216	3.084299053	15.31165888	8.995714122	7.032035897	4.995639578	3.579068604	2.443632187	1.492965831	0.950780595	4.757237134	7.548096258	10.70119754	1.943480152	2.744710661	3.371579145	661.8837209	0.661478392	0.303098893	0.384617696	21.46961345	9.513324882	5.55795926	2.4504534	3.272630952	7.697271981	16.80341839	8.578704156	112.2365116	5.702628337	336.7091152	54.07924765	2.011139845	22.87841012	11.43333631	8.785642047	2852.069767	43.44186047	140.4186047
1.6	6.121685381	6.06768392	6.106220307	6.072930064	6.100197739	6.074675479	492.3684211	246.4947381	185.1163169	2137.920554	28309437.79	18070.5644	113293714.8	3.055460518	353.5314138	242.9289969	164.7879636	111.6204963	75.47679453	50.93221603	6.121685381	6.10533557	6.111372266	6.106411367	6.108290514	6.106129192	492.3684211	129.1957241	2.30646939	60.78255262	3.342605139	2879.912934	27913220.26	84621.67128	214252370.4	0.029860198	253.7499415	244.7904849	234.0661999	223.6048964	213.3892859	203.4834597	0.859369195	-0.481783776	0.157651804	-0.173076489	0.114038832	36.79493368	37.24984936	54.88066201	59.86197417	56.41206246	1894.421823	2263.046289	3285.24315	3396.238463	2968.101794	0.404062409	0.859713363	0.190493603	0.325690671	2.78901932	20.814297	13.44174401	12.91463547	10.48634778	8.562936197	6.628184007	4.86465161	3.434618413	16.12575924	9.373499984	7.578086672	5.435696033	3.838838382	2.640732899	1.654138086	1.035690989	5.843563025	9.286454277	13.01733103	2.400314979	3.306190167	4.009639593	723.7894737	0.593608035	0.323100148	0.446059844	22.99583127	9.619710627	5.469434613	3.026700584	3.524324285	5.148771682	13.22023529	8.976611728	139.7694737	5.841513131	362.1802889	57.24319986	2.011796898	26.26344038	15.47323491	9.009079892	3464.842105	48.47368421	151.8947368
1.7	5.899688181	5.835154786	5.881977739	5.842167132	5.874851014	5.844440645	373.1875	186.6718779	140.2433624	1503.642135	11281261.56	12759.64067	45193193.13	3.042415021	269.2577763	183.2654003	122.700364	81.99663446	54.6105705	36.23269223	5.899688181	5.881536664	5.888817935	5.883348021	5.885804203	5.883451321	373.1875	97.12488461	2.721354395	45.53029966	3.442012191	2063.088408	11081381.94	61326.47316	85726730.31	0.034756448	191.7144267	185.3751614	176.78345	168.4858333	160.3192997	152.3871456	0.819564389	-0.471725347	0.078953473	0.06679488	-0.109323401	37.42813923	37.85097769	53.5264979	55.94517199	55.55709202	1870.271523	2215.723165	3205.346305	3332.23619	3048.903571	0.341015978	0.607173627	0.129230288	0.192224112	2.77122083	20.17311153	13.18635235	12.63993925	9.849729652	8.280525727	6.586802258	4.604020897	3.258723568	16.00314218	9.457742408	7.581299091	5.185909261	3.799175973	2.594273844	1.610539361	1.018170119	5.111395055	8.425211311	12.05143236	2.104421889	3.046800638	3.690402309	633.375	0.630084532	0.300618722	0.464764152	22.42416569	9.755792581	5.90204875	2.552455517	2.643121195	9.386533198	16.38923289	8.476292191	118.4225	5.849946833	354.2900525	56.10035179	2.014825741	24.49610187	14.40672256	7.253696381	2444.875	45.375	147
1.8	6.013847821	5.956840995	5.996401154	5.961187414	5.989456289	5.96248929	434.2307692	217.6153846	163.4615291	1822.12864	17406406.92	15420.77193	69704843.92	3.046282954	312.4218859	213.9197979	144.1930719	96.9381122	64.99391353	43.53809483	6.013847821	5.996157958	6.002728019	5.997172987	5.999263945	5.996778077	434.2307692	113.9637686	3.065064467	53.71700316	3.900637553	2476.77414	17118014.46	72858.60869	131052063.7	0.032930337	223.9432732	215.774349	205.9034056	196.1555479	186.8436023	177.8024072	0.999401767	-0.586537115	0.164452578	-0.078971945	0.008000615	45.63108025	43.75787894	61.48620275	65.25278635	63.27871048	1875.241478	2197.286803	3095.308954	3157.885606	2891.124929	0.32407691	0.61039988	0.123284433	0.172244885	2.893907213	22.2842414	14.36839187	13.57623405	10.68187757	8.429401957	6.56259045	4.667999714	3.311583646	17.21643172	10.21336264	7.92356195	5.479105935	3.749277272	2.521124247	1.515562033	0.941632126	5.622976259	8.501159644	11.67693461	1.994341689	2.590049325	3.008316631	878.5384615	0.488468247	0.38630163	0.501581915	25.40758877	11.52740612	7.210594701	1.943478367	1.943412893	6.782415587	16.20503038	8.917281819	164.5969231	5.810721617	386.072581	60.80273856	1.97665872	31.73119295	16.15417286	10.80900216	4109	48.23076923	156.9230769
2.1	5.961863359	5.900303394	5.942965574	5.905055364	5.935726677	5.906567974	452.3333333	226.6566667	170.2372784	1975.17928	47223271	16681.21465	188943042.7	3.038440063	325.2159521	222.9726624	150.6044151	101.4870655	68.25223617	45.80235835	5.961863359	5.943737314	5.95042946	5.945232341	5.947216163	5.945087223	452.3333333	117.8136936	2.419373504	55.2681744	3.398957888	2656.200461	46719629.64	78879.13201	361526757.2	0.035461407	232.2752893	224.8802581	215.3350879	205.9946068	196.8443655	187.8869526	0.702563574	-0.340533201	0.026127944	-0.028656811	-0.034813867	36.66195965	34.22147056	50.22090953	54.1790273	51.91555921	1782.338825	2117.857097	3047.395439	3176.835264	2825.201971	0.31761232	0.61536621	0.13626546	0.227526852	2.393257151	19.11580036	12.47460691	11.85355077	9.594312957	7.846345984	6.160375567	4.324480496	3.039508564	14.97395015	8.865950553	7.118912704	5.142920511	3.719187355	2.568574065	1.614310461	1.020291875	5.118533639	7.97515784	11.29210985	2.150348877	3.040427564	3.750356537	672.5111111	0.615367707	0.323190991	0.409706876	21.06324548	8.986275815	5.155532513	2.427632991	3.045879406	7.839295353	15.8704449	7.43901542	113.1388889	5.655699384	332.8467907	53.03858783	2.003755748	22.87531432	12.24971042	7.920712961	2981.533333	43.82222222	139.3333333
2.3	6.223622191	6.178276123	6.209914104	6.182249454	6.204587621	6.183593529	525.1	262.9870004	197.4796761	2294.540779	31193640.25	19380.28402	124844898.6	3.06371467	376.6761352	259.3345873	176.3295336	119.7229206	81.13159736	54.92122237	6.223622191	6.209415835	6.214351085	6.210119359	6.211633916	6.20984255	525.1	137.1487231	3.246048902	64.32996487	4.348559834	3088.109513	30746982.98	91459.97278	236929432.6	0.025907468	269.8728687	261.175187	250.6137429	240.2695956	230.2004386	220.3718529	0.656222643	-0.334652542	0.037035918	-0.035403676	0.001838548	35.8912767	34.98089493	50.57008868	52.98657975	51.00463753	1884.569151	2221.569022	3168.605956	3250.061362	2955.755667	0.318105824	0.572512961	0.139403	0.21211242	2.541164678	19.47623691	12.6784667	12.08519572	9.442189228	7.809318484	6.018882133	4.286056656	2.957220808	15.60214318	9.176736697	7.457088916	5.10985949	3.659408101	2.484064081	1.531530421	0.940627978	4.887062302	7.728970054	10.60601412	2.141661506	2.98104609	3.560128879	682.88	0.595005139	0.301970669	0.439529285	21.69006484	9.403477674	5.800324423	3.095249373	3.474892612	7.684272507	15.75931213	6.777007616	106.2507	5.699144778	344.8734619	53.83140712	1.998928418	21.87852769	11.07014146	7.925697056	3053.59	42.86	140.2
2.4	6.114304327	6.061050242	6.097788906	6.065457619	6.091441859	6.066943387	487.9272727	244.4043186	183.503767	2111.672773	27768341.57	17829.49583	111181661.4	3.049845507	350.3740836	240.7619582	163.1986071	110.4583911	74.64671556	50.39010474	6.114304327	6.098274361	6.104366138	6.099567646	6.101491163	6.099477681	487.9272727	127.0494738	2.698406224	59.59693278	3.683981908	2847.215274	27375036.02	84728.65825	211501519	0.03050704	250.4053974	242.6641262	232.8683267	223.2914503	213.9992781	204.978386	0.78052901	-0.401036824	0.036306522	-0.00134726	-0.048487917	40.03747655	39.12897263	55.93510124	59.97766611	59.23871443	2131.668614	2505.160325	3548.907487	3708.352013	3458.587364	0.31707182	0.569484906	0.132481392	0.202626165	2.785750623	22.30324263	14.5242771	13.64664613	10.79016371	8.760862327	6.875311811	4.825469249	3.414924849	17.81369574	10.38826427	8.286996184	5.720783981	4.026337497	2.747286599	1.697527966	1.057572478	5.496153478	8.558123852	11.96210234	2.327755432	3.133706365	3.710025822	804.0045455	0.606442124	0.284673778	0.410124206	25.20629441	11.30796905	6.74596133	4.041697996	4.687181462	10.33007269	18.30166527	8.987271159	118.5534545	5.907272251	397.62527	61.49463974	2.007668798	24.20169321	13.05356623	8.542284997	3958.818182	49.6	158.9363636
2.5	5.837461577	5.771245571	5.816513677	5.776752139	5.808592812	5.778616869	355.4222222	178.1511115	133.746833	1416.336381	9053970.022	12018.91801	36293460.8	3.031824854	256.6958279	174.4966425	116.2915693	77.31406909	51.23697971	33.90042559	5.837461577	5.817547017	5.825103602	5.819303345	5.821610617	5.819275487	355.4222222	92.95124283	2.094583458	43.59691683	2.883411349	1949.57473	8875769.533	57434.86241	68301337.93	0.037909379	183.151757	176.4596795	167.754038	159.2455172	150.9746882	142.9063694	0.801347126	-0.401575864	0.023950395	0.022791606	-0.05995634	39.96533237	37.96912331	54.67766891	59.3367151	58.8961333	1989.188651	2358.55461	3373.041414	3554.517485	3320.960218	0.324950674	0.568900805	0.13402905	0.197209519	2.643740503	21.03960923	13.65145315	12.91404594	10.30133033	8.36230839	6.560939194	4.611010921	3.32129921	16.39995226	9.571923751	7.595669992	5.34322012	3.742453738	2.530110972	1.538796028	0.963616447	5.487634832	8.528389348	12.15326003	2.176470459	2.934953215	3.528403077	747.7111111	0.572825429	0.324005081	0.399421	23.54950118	10.28319037	6.086784761	2.383485871	3.097173547	8.065694118	17.00666413	9.704753593	129.3675556	5.816030817	365.9719699	57.85131741	1.998701443	25.24423122	14.188796	7.908467775	3617.533333	47.44444444	151.0222222
2.6	6.158567769	6.110817357	6.143981267	6.114645529	6.138476385	6.115912704	494.3783784	247.648648	185.9814411	2141.801929	40676466.15	18099.16599	162779627	3.062049312	354.9526682	243.9808445	165.4652447	112.00811	75.70809524	51.06957994	6.158567769	6.14387065	6.149161175	6.144747423	6.146458452	6.144554507	494.3783784	128.6547715	2.804060516	60.0645726	3.763952199	2886.336673	40224661.2	85951.71204	311394152.5	0.027376881	253.6649637	245.866751	236.148627	226.5382581	217.1192705	207.9459324	0.639992157	-0.342514074	0.056111242	-0.017645593	-0.034433257	33.86732987	33.53377641	48.18552723	51.05244795	49.27164369	1795.979474	2120.820922	3038.616269	3138.217431	2817.689332	0.308237611	0.549291889	0.139938525	0.211122835	2.348416016	18.92961081	12.36676277	11.622585	9.280439642	7.638074813	5.971464346	4.147537623	2.949008946	15.12050939	8.887608482	7.081233518	5.010380631	3.576388885	2.426073912	1.449649857	0.887748483	4.796548299	7.635986134	10.6197665	2.078523966	2.901717805	3.393956198	647.4234234	0.600586379	0.280124085	0.443674716	21.04063905	9.164077909	5.291409417	3.02775421	3.253511463	9.530381508	16.02744686	7.137302583	99.56495495	5.644270738	336.8281617	52.40220704	2.002084236	20.1391137	10.84681953	7.045996112	2856.252252	42.32432432	136.1081081
2.7	6.628982057	6.596056543	6.618875609	6.598790822	6.615063144	6.599714485	845.2568	423.11364	317.5758924	4137.757906	165943110	34752.25244	663782938.7	3.082862924	603.0579642	419.430552	289.5174951	199.7324945	137.7123402	94.89701496	6.628982057	6.617979144	6.621752927	6.618451555	6.619570027	6.618174794	845.2568	220.3060747	5.196995695	103.1262256	6.810235891	5423.270549	164374743.4	161480.9699	1268738515	0.01895779	433.2969082	421.0265507	407.0980456	393.5177453	380.3494724	367.5760348	0.70786799	-0.368274686	0.021516059	0.000367698	-0.010686147	40.2796001	39.19830597	55.8287597	58.7148361	55.69028287	2095.914921	2461.285685	3468.324355	3563.30042	3223.257024	0.341594149	0.590121464	0.135995811	0.203658897	2.488826128	21.62054665	14.42547569	13.39154288	10.80319655	8.801877667	6.989562438	4.873825847	3.497838986	17.35765457	10.208646	7.947336626	5.580434507	3.911713264	2.680047192	1.605150929	0.992624636	5.106267082	7.85547038	10.89308963	2.095189216	2.815928629	3.335914608	849.7608	0.690871535	0.251401806	0.353108183	24.13301809	10.97599088	6.38646935	2.969555733	3.10063007	11.66870972	19.39727307	8.075390702	104.180944	5.938235447	380.5755718	61.15173318	2.02378875	23.87390858	10.3689473	10.12273614	3672.7272	48.0104	157.7856
2.8	5.988154318	5.92927271	5.969064088	5.933738282	5.962339139	5.935213311	473.5	237.25	178.0749969	2107.018443	79183401.8	17785.88727	316834496.3	3.044861533	340.1894253	233.5544133	158.0267735	106.7825787	72.09862786	48.57976728	5.988154318	5.970148563	5.976503925	5.971466275	5.973133235	5.971152165	473.5	124.7347504	3.098263884	58.89109344	4.233237362	2823.803404	78437040	82432.67113	598554070.5	0.034193146	244.5450409	235.3552379	224.3931051	213.8655849	203.7199464	193.7807625	0.83670134	-0.402718281	0.013419726	-0.06095338	0.064712596	38.61746815	38.91637146	56.74697685	62.23184077	61.04315025	2223.207492	2629.056278	3720.019092	3994.112751	3725.974174	0.303871093	0.599964597	0.115068095	0.187580375	2.514476025	23.28568501	15.49596931	14.33090307	11.72142578	9.643784509	7.661289158	5.690853952	4.195111072	18.42872788	10.97190169	8.575455682	6.106228117	4.30105248	3.013951812	1.911081408	1.24901964	5.596435473	8.778035176	12.38442071	2.231405472	2.998031918	3.671724922	917.8	0.692788711	0.260086127	0.402229807	26.09470345	11.95719172	7.02282899	3.305168507	3.877506646	5.865869715	19.5081113	11.06445043	121.738	5.994670682	416.7250401	65.72085016	2.030709238	23.84277059	14.34277508	8.425837367	4795.4	54.1	170.2
3.2	6.449273566	6.41080059	6.437456154	6.413904295	6.432967253	6.415008679	731.6785714	366.3339286	275.0003124	3522.844718	162877287.8	29613.46232	651512100.7	3.074279875	522.7492439	362.6420131	249.3578855	171.3180415	117.6070566	80.68961237	6.449273566	6.436984197	6.441198518	6.437523446	6.43880137	6.43727723	731.6785714	190.2870647	4.336434025	88.80736914	5.706317334	4631.958864	161513163.1	138201.6222	1246362975	0.022232731	374.8420738	364.3351073	351.8979658	339.7358133	327.8422764	316.3274474	0.808700426	-0.366720017	-0.046750134	0.028842395	-0.026524329	34.67195724	33.8273237	49.2374665	54.11905751	52.88062504	1800.195378	2129.209547	3039.781909	3219.551118	2956.67645	0.261299752	0.510571758	0.116858639	0.191889333	2.3382534	19.87809519	12.85083348	11.9551042	9.645029973	7.827924702	6.148920407	4.434396911	3.097300373	15.39992798	9.043464482	7.08603569	5.089887279	3.652008517	2.511816105	1.558274624	0.942855257	5.020529811	7.81919123	11.06174444	2.058319889	2.869588627	3.504718442	643.6309524	0.555487604	0.343055998	0.52716296	22.3243134	9.79489266	5.507116771	2.422340611	3.554509141	6.744358142	15.56945196	10.28115668	129.1605952	5.735353037	350.2662926	54.30103809	1.99542853	23.31146787	15.25629757	6.567661979	2807.511905	44.89285714	140.3333333
3.3	6.283503281	6.242444412	6.270837145	6.245779431	6.266112136	6.246959979	542.952381	271.9761905	204.2321429	2378.968984	29076616.14	20094.86661	116378613.1	3.072831847	389.2996748	268.2806038	182.6319664	124.1403019	84.24491537	57.07015094	6.283503281	6.271469757	6.276000997	6.272509743	6.273790257	6.272341918	542.952381	139.8086562	3.021825291	64.8858995	4.192412445	3197.011114	28648303.29	96952.4925	223926856.3	0.023682968	276.8453217	270.2556616	261.5522015	252.9120276	244.2947603	235.7522339	0.753365236	-0.376047818	0.025091526	-0.046851849	0.029492244	39.45946572	37.35278611	54.05457357	58.84520047	58.59751721	2026.787882	2407.650943	3450.779795	3678.954416	3465.531546	0.31171544	0.539230218	0.123966658	0.174582519	2.364163369	20.93819286	13.8297882	12.87213245	10.56115501	8.726792852	6.940021826	4.830738935	3.567061479	16.54988576	9.715106867	7.614017912	5.427484174	3.834085149	2.661453881	1.59743308	1.022035351	5.231350717	8.308404872	11.92266458	2.046010936	2.754218887	3.373094781	719.8571429	0.684420232	0.259333547	0.301186359	23.21204533	10.21271924	5.575677373	3.17274166	4.013364153	10.34500311	19.80605427	10.93745937	110.5480952	5.817788969	367.5277108	58.67041132	2.018020849	22.03692244	13.68706881	6.127507387	3391.809524	48.57142857	152.5714286
3.5	6.240995545	6.196132942	6.22721406	6.199688334	6.221896157	6.200860715	545	273	205	2414.497213	37053051.52	20381.60933	148253594.2	3.066422935	390.7475601	269.3044133	183.355909	124.6437098	84.5945804	57.34453159	6.240995545	6.226489692	6.232116581	6.227912024	6.229524719	6.227823713	545	141.419743	2.935944929	65.87332169	3.963012176	3235.564458	36575714.6	96786.18203	283471826.7	0.025910152	279.1719872	271.1307538	261.1820645	251.4048704	241.7633208	232.3269639	0.759326053	-0.383132669	0.019192638	0.017227589	-0.05225835	34.78916029	34.2297986	50.19763038	55.59677537	53.55008827	1895.798	2270.462976	3315.727601	3529.033025	3133.342927	0.373403037	0.754945451	0.196808919	0.332834599	2.378673342	19.71909368	12.88795438	12.03885409	10.09013527	8.290868262	6.600770692	4.675357985	3.349547488	15.70794096	9.157428009	7.343017409	5.50371382	4.039159888	2.830579024	1.783461885	1.142564312	5.474468119	8.844640436	12.87528467	2.454954648	3.628989585	4.539986123	629.4	0.606191666	0.288392623	0.470698502	21.75311182	9.325520623	5.028146827	3.537156774	4.523097876	7.918379608	14.64816421	8.791093345	105.558	5.783361948	350.5022169	54.67387642	2.012990253	21.78803536	12.32776262	7.493110296	2645.68	47.2	144.16
3.6	5.34357213	5.245890069	5.311450738	5.251140963	5.299888096	5.252933752	261.6428571	131.3214286	98.55059269	1030.559937	19771608	8722.306985	79134952.21	2.930750778	189.8920678	127.9888494	83.95312325	54.78731791	35.7742892	23.36394091	5.34357213	5.314129079	5.325269632	5.315552805	5.319497853	5.315336911	261.6428571	69.55234637	2.128124765	33.53353555	2.694055898	1425.104998	19510043.93	40873.00795	149223701.6	0.065346072	136.1923955	129.6778651	121.6111533	113.672867	106.1706884	99.14996548	0.733423603	-0.371115153	-0.030877704	0.09102124	-0.138251418	34.89449321	26.92439123	43.05646351	43.83898746	36.89449429	1108.167828	1319.286656	1932.975434	2008.644705	1856.768373	0.16252126	0.306910962	0.061100965	0.097820481	2.390189006	13.90686329	8.471826453	8.58593407	6.216765778	4.715862391	3.626437768	2.459764431	1.818280553	10.11631814	5.578795842	4.361890511	2.915696408	1.909036261	1.261056399	0.751308807	0.464919443	4.208912366	5.689961883	7.767532813	1.334032752	1.584777199	1.845702724	374.8571429	0.300108107	0.260046193	0.612752118	15.5023698	5.820615925	4.063236276	1.336754018	2.425085241	3.131862697	8.864969498	2.891326539	72.32071429	4.846862668	222.8954382	36.02426025	1.897175843	20.82518161	9.248074907	3.397186925	1704.285714	28.71428571	94.71428571
4.1	6.311009012	6.270261878	6.298268142	6.27350515	6.29356211	6.274540618	569.125	285.0625	214.0281245	2527.278246	37011264.54	21324.80477	148152485.8	3.072010551	407.8065112	281.3669133	191.8770399	130.6861222	88.89231233	60.35428011	6.311009012	6.297302815	6.301892656	6.297898881	6.299199374	6.297584385	569.125	149.2234612	3.457985803	70.03795449	4.651989564	3388.491375	36480068.46	99581.04018	280034872.7	0.023609965	293.0968484	283.0866701	271.2535954	259.7901507	248.6347566	237.7869494	0.636119473	-0.304532886	-0.018262264	0.036723587	-0.046279172	36.07614603	35.54585525	50.68771807	54.24028232	52.11097381	1986.066978	2343.717888	3359.261452	3523.302554	3218.687541	0.302206803	0.5826524	0.130112908	0.216540357	2.556712668	20.50474684	13.39448209	12.6198498	10.05946852	8.16053241	6.568105732	4.682012118	3.367916502	16.5997419	9.714549104	7.739278126	5.388517504	3.82099416	2.648674624	1.652753279	1.022313067	5.226389527	8.108973242	11.60178663	2.239985209	3.077734807	3.777344272	764.875	0.585966639	0.254561163	0.417521396	22.88896746	10.11195354	5.768205224	4.010493794	4.49594619	9.17780082	18.08447851	7.317590633	90.92083333	5.755856159	368.1747902	56.80269782	2.002879344	19.46984617	10.585286	6.369768274	3513.25	46.33333333	147.6666667
4.2	5.778658714	5.707427135	5.757400137	5.714062193	5.749225241	5.71612593	338.4522822	169.563694	127.3675572	1339.312857	9863250.373	11370.01804	39528239.33	3.027402252	244.6938858	165.9811985	110.3459975	73.14350787	48.28286051	31.72865109	5.778658714	5.757731256	5.765994757	5.759810256	5.762435158	5.759862299	338.4522822	88.66748753	2.213031802	41.86819563	2.892129935	1846.636072	9685948.328	54306.32208	74487693.02	0.039977642	174.5952366	167.9835499	159.3821143	151.0151975	142.9312791	135.1170955	0.591451669	-0.287568349	0.028919046	-0.016327663	-0.026140442	38.13765886	36.29542577	50.4299294	52.53761236	50.43495672	1759.152722	2082.957785	3053.972862	3029.046529	2664.040654	0.241013461	0.502240143	0.117269213	0.204133472	2.751921775	16.50756166	10.41019107	10.46029044	7.784630814	6.356992218	4.95984518	3.649054994	2.412517754	12.93340621	7.555972701	6.178974687	4.341185918	3.105559484	2.125676174	1.350961806	0.794680169	4.72016578	7.177148531	9.977473682	1.97817854	2.676945359	3.266236439	447.4273859	0.545958123	0.392631155	0.351541553	18.08736661	7.136003561	4.301072689	1.918459188	2.489236754	4.759366127	10.62325946	6.055299236	125.1051867	5.434682002	282.9175151	44.47221781	1.982043197	24.59235114	10.89284732	7.920902194	1781.705394	36.02074689	118.3485477
4.3	6.489204998	6.456253128	6.479039576	6.458918849	6.475225807	6.459845842	658	329.5	247.375	2995.557026	48148588	25240.84302	192748994	3.081611986	470.6506264	325.8044133	223.3074422	152.9022066	104.5826533	71.45110332	6.489204998	6.478578244	6.482259449	6.479323348	6.48013236	6.479000436	658	170.9803619	3.935416698	79.86978149	5.078713894	3992.204626	47481609	119205.1972	366611184	0.019088509	336.9776598	327.6048125	316.0920699	304.7847325	293.4999613	282.5610284	1.002507013	-0.43181704	-0.102220106	0.013737066	-0.018639639	36.82550942	36.00032211	53.84690223	61.41272752	58.05328459	1827.196915	2200.269044	3247.877773	3476.552098	3151.355762	0.251096068	0.578310424	0.102536275	0.18741002	2.426019348	19.77836851	12.84296241	12.16306154	10.41329771	8.456380381	6.816074092	4.984427483	3.591821554	15.12234204	8.763835164	6.943850687	5.081618942	3.580442702	2.47801945	1.514520726	0.927880348	5.760845836	8.996430051	13.41945915	2.12067772	2.810635512	3.493577817	648	0.622113438	0.402532925	0.440902413	21.50894828	8.779477319	4.50848458	1.519823798	3.979856007	3.112448908	13.58031516	17.96244045	148.995	5.671106233	337.1546481	54.75666517	2.000840797	26.91807712	20.29613781	5.085217472	2782.5	48.625	146
4.6	6.985252354	6.962889195	6.978307726	6.964725108	6.975713749	6.965344353	1145.032609	573.0114131	429.9986548	5877.437422	299093537.7	49264.73021	1196234306	3.096914076	815.0284457	569.3238049	395.5071119	274.6791519	190.704837	132.3602669	6.985252354	6.976490414	6.97918159	6.976494026	6.977234574	6.976072605	1145.032609	299.7387379	7.929893752	141.0370202	10.13553624	7629.460697	296307402.7	225645.4469	2277868409	0.012981189	588.0059035	570.5795371	551.8872545	533.767211	516.2963527	499.372439	0.898100806	-0.480480675	0.082176584	-0.065986307	0.023779913	41.93890477	41.13309185	60.04906821	65.80095234	63.89484363	2094.749709	2518.460432	3698.510807	3894.807082	3526.751303	0.402175774	0.773917833	0.176544442	0.282850981	2.874191436	21.9141568	14.3610663	13.77104497	11.33033907	9.477586511	7.541720316	5.473085063	3.952185487	17.06984048	10.05399429	8.075278347	5.918623571	4.316959732	2.993858976	1.875452811	1.192588873	6.144317646	10.00780102	14.30582154	2.522978936	3.63078148	4.484350861	813.2608696	0.660329081	0.302261442	0.399404995	23.9786314	9.996555727	5.394694105	2.761905316	3.56984653	7.432449601	18.42893509	10.47084561	134.8948913	5.947113708	375.9412706	61.33922781	2.02274569	27.49230173	15.81672263	8.471780559	3708.358696	52.66304348	163.5869565
5.1	5.970143976	5.912926725	5.952630946	5.917765537	5.945677359	5.919452991	410.7142857	205.8571429	154.6428571	1705.513099	17686164.29	14457.23896	70796789.29	3.047615825	295.793221	202.1615561	135.8787394	91.08077807	60.82538642	40.56927032	5.970143976	5.952961559	5.95921547	5.954348249	5.955848965	5.954005	410.7142857	107.2825557	2.605059896	50.19257791	3.270715237	2321.489042	17414951.43	68622.45563	134609656.6	0.033029726	211.3166947	204.0885639	194.7173383	185.4453256	176.5099109	167.7207265	0.966545106	-0.553466307	0.105392823	-0.047983581	-0.009024951	40.79844444	42.76492268	61.65007329	67.67398935	64.69980694	2199.214339	2639.61252	3854.096981	4056.84652	3742.799612	0.429322312	0.786092913	0.149678564	0.230826778	2.771843979	22.73301642	15.15252424	14.22811221	11.92902254	9.966310495	8.092427927	5.946039607	4.544020919	18.12829416	10.6298234	8.323010584	5.931199669	4.281965563	3.004239062	1.870256984	1.210059198	6.030670398	9.743877895	13.79249886	2.272840662	3.14556646	3.814822993	833.8571429	0.634498374	0.263310104	0.4342309	24.91852445	10.701132	5.788607288	3.791782426	3.891633801	8.51643198	19.29116134	13.85090741	131.1557143	6.058046129	394.5177949	64.62727178	2.031398347	28.16749222	16.06896995	10.16756711	3406.142857	54.57142857	171.1428571
5.2	5.548988197	5.44681087	5.519412623	5.456770155	5.507430278	5.459550788	305.4814815	152.9740752	114.8534742	1217.516544	14935038.5	10324.38218	59834843.28	2.978092326	221.3823915	149.4612347	98.67602396	64.93915599	42.61077692	27.91361261	5.548988197	5.520496665	5.532166012	5.523708569	5.527687817	5.524091847	305.4814815	79.9737001	2.590200537	37.76617808	3.255774732	1676.277092	14720258.59	49165.31775	112831160.4	0.055282218	157.6805455	151.5005489	143.3799704	135.4267519	127.7646841	120.3546873	0.952645055	-0.451327599	-0.051818506	0.069780573	-0.027499958	44.13977059	43.58303676	63.88378003	72.14004389	73.24815515	2481.762227	2934.577062	4188.887935	4560.166484	4351.613843	0.330343991	0.617597804	0.151538444	0.230670059	3.039566526	25.42100218	16.57497071	15.49650349	12.71797535	10.39558497	8.139540418	5.722923289	4.111466059	20.3888901	11.98539011	9.596066266	6.968566536	5.028967225	3.441118986	2.110548515	1.337947293	6.698399843	10.67705278	15.31738717	2.838806422	3.985986077	4.857566151	998.8888889	0.651537264	0.265579005	0.453262973	28.73135113	12.80353279	7.298533608	5.314386601	6.518936792	11.07471157	21.50102428	10.33299024	132.0677778	6.086303829	458.7434974	70.25906567	2.01536196	26.58330834	16.55586447	7.709531867	5781.037037	60.37037037	183.2222222
5.3	5.897201408	5.818126308	5.873067596	5.824751565	5.863108554	5.826436319	428.4878049	214.6342746	161.0640523	1816.048764	19781621.73	15350.14084	79231705.63	3.006553711	308.3400024	211.029379	142.1519252	95.64492769	64.29445046	43.21953921	5.897201408	5.874274533	5.882712386	5.875809468	5.878501627	5.875495032	428.4878049	113.4546576	3.268230648	53.90379887	4.086171807	2465.720307	19437752.98	71662.15318	148010580.9	0.044057579	221.8901437	212.8837444	202.2061389	192.1259556	182.5745027	173.4619002	0.549647647	-0.272201162	0.039935118	-0.046953671	-0.014415195	31.14789061	29.10312723	41.62023008	43.90857036	40.61331153	1530.369262	1791.022314	2518.951759	2586.441445	2312.69371	0.251956185	0.414827326	0.101409273	0.137385417	1.863782277	16.75385341	10.95267853	10.06092999	8.067283227	6.448705981	4.980727067	3.409216979	2.361717893	13.29433726	7.737822764	5.96498512	4.189281942	2.893797865	1.933066064	1.143786085	0.695350936	4.028756649	6.174489288	8.517684263	1.61775034	2.157742336	2.475105671	487.097561	0.603648743	0.285159243	0.41457433	18.74749763	8.522935739	5.172538066	2.248138029	2.592884946	8.979387809	14.31286312	6.294938431	90.92146341	5.502729472	295.1244345	46.12067686	1.997870531	18.69205891	9.738247985	7.245754232	1752.560976	35.95121951	117.6097561
5.4	6.621405425	6.592534625	6.612499321	6.594870232	6.60916245	6.595694093	751	376	282.25	3517.844316	71461277	29602.65356	285985895	3.089098436	536.4115571	372.3044133	256.1879075	176.1522066	121.0228859	83.07610332	6.621405425	6.611565204	6.614658348	6.611839548	6.612733425	6.61154569	751	195.230423	4.987499714	91.11416626	6.233611584	4655.664498	70594000	139257.4324	545313443	0.016711099	384.615488	373.9915304	361.7394455	349.6284378	338.0370556	326.7630753	0.802290559	-0.405364105	0.065129978	-0.06543686	0.066188339	39.70798021	39.84782738	58.39878437	66.00000984	64.8728501	2223.92252	2702.324001	4075.391754	4418.474708	4017.664636	0.357368054	0.744216381	0.148279397	0.2844956	2.846295392	21.11592692	13.98471358	13.50378137	11.43102987	9.602012405	7.922696958	5.848407242	4.297485668	16.57881247	9.747430131	7.916472369	5.896336913	4.323989643	3.157721714	2.020470585	1.334898128	6.416600705	10.63605376	15.98523554	2.747912674	4.045379115	5.42784988	706.2857143	0.702231787	0.25851358	0.377978797	22.70342375	9.201903934	4.843572743	2.549041632	3.761894408	8.564166932	20.19327691	12.78490769	108.7314286	5.949643172	365.0803214	60.04073819	2.036854653	24.17068966	13.87101317	7.058968762	2717.714286	54	162.5714286
5.6	6.908081129	6.88271158	6.900515515	6.884877913	6.897616604	6.885572244	1095.314607	548.1421348	411.3563062	5613.686307	320020481.5	47050.34142	1280257584	3.092479631	779.8755247	544.4593344	377.93038	262.2467793	181.9105205	126.1361836	6.908081129	6.898865783	6.90188173	6.899081051	6.899970373	6.898802616	1095.314607	286.0823364	8.307237917	134.2229723	10.61344229	7289.185382	317134614.1	215935.7928	2432773020	0.014391073	561.8785429	545.8118303	527.9706047	510.6241872	493.8473062	477.5405687	1.003400706	-0.475086421	0.026534899	-0.055352057	-0.050938739	44.66284346	44.22094582	66.9819477	77.77846142	77.1886612	2562.202277	3123.968932	4693.026713	5180.279443	4838.120839	0.37386475	0.841031654	0.16463439	0.293061773	3.141879136	24.75876331	16.36409314	15.63894883	13.51537991	11.43042064	9.394822093	7.105309032	5.36960754	19.5788021	11.56614967	9.301496217	6.982612538	5.109412107	3.627122117	2.321225819	1.509676537	7.478877835	12.32660772	18.37448234	2.998846304	4.271434642	5.367170274	1015.662921	0.664295598	0.286448315	0.420484822	26.7786517	10.9015812	5.478740801	3.323081658	5.973538105	7.40023198	22.85228667	12.95799368	137.8396629	6.123864508	430.5460294	70.21135577	2.035569457	27.57802692	19.27854036	6.704091642	5297.977528	65.19101124	190.3370787
6.1	6.465772154	6.42975316	6.454679215	6.432646236	6.450542325	6.433658063	702.5578947	351.7457897	264.0324592	3311.633892	106388725.5	27857.34633	425638832.1	3.077950395	502.1215527	348.0998088	239.120133	164.1367986	112.5994933	77.18243471	6.465772154	6.453813434	6.458111979	6.454501564	6.455871187	6.454363416	702.5578947	182.5407287	4.191299471	85.18056837	5.605035599	4376.833265	105303647.7	130790.4985	813992839.5	0.020915991	359.7756704	349.8084047	337.9372019	326.4228615	315.1851348	304.2661159	0.53352254	-0.261014266	0.011583927	0.003463378	-0.03931252	32.35073318	30.3651145	43.8072226	46.43068453	43.39728099	1658.126399	1961.809427	2805.579191	2879.573785	2522.902789	0.310517967	0.548126542	0.133316895	0.209384297	1.978897379	16.92572053	11.16912582	10.42097039	8.450918617	6.911629562	5.449808236	3.792359764	2.672925626	13.56033369	8.027091241	6.372451545	4.583725883	3.277984259	2.266044273	1.405915188	0.878242725	4.253561766	6.667012366	9.447042954	1.85138558	2.573894342	3.145301983	520.8947368	0.631048328	0.292334601	0.392176535	18.54698978	8.049988552	4.490430452	2.382651061	2.36090615	9.339848802	14.87874777	6.706656525	89.22536842	5.533259001	300.6534617	47.32470174	2.007568573	18.06036968	8.758983162	6.959542752	1858.473684	37.72631579	122.9473684
6.2	6.526357358	6.494506725	6.516531908	6.497083373	6.512845518	6.497979755	684.6842105	342.8421053	257.3815789	3145.231769	54839148.11	26487.4055	219491299.1	3.084522769	489.5192126	339.1465185	232.7417353	159.5732593	109.2997998	74.78662964	6.526357358	6.515770132	6.519314616	6.51612962	6.517125163	6.515815424	684.6842105	178.4377184	3.679167007	83.63084492	5.095130293	4182.909846	54123211	124581.2292	417220620.9	0.018451026	351.0898719	340.894816	328.7417548	316.9571777	305.5664185	294.4722063	0.834651432	-0.440907307	0.072088362	-0.043401509	0.000610726	40.24942214	40.77423848	56.83626892	59.54276908	59.38375977	2054.646415	2428.86823	3467.483229	3589.439622	3432.082647	0.35448283	0.57585045	0.141059127	0.177781908	2.791043126	21.86020286	14.29466487	13.52642919	10.66447805	8.756663546	6.864754241	4.836411872	3.509576035	16.97062901	9.979344243	7.820277655	5.38357275	3.835453737	2.615753915	1.577043674	0.990806793	5.36548632	8.303220931	11.5117566	1.973674754	2.65049294	3.110052751	735	0.625117122	0.330952237	0.384622018	24.48543364	10.77718017	6.342690388	2.703502892	3.559728175	9.994815999	19.8887298	11.73054642	135.5005263	5.934370647	379.2224601	60.63867517	2.008938808	26.32452409	15.17349831	8.473468	3098.157895	48.26315789	157.5789474
6.3	6.411012129	6.373573127	6.3999275	6.376980378	6.395671581	6.378098068	631.9615385	316.3596162	237.5166814	2878.204505	61026608.38	24244.6207	244259092.7	3.073922885	452.227612	312.7552412	214.1465006	146.5013658	100.1109682	68.31535095	6.411012129	6.39875167	6.403117042	6.399472444	6.400754446	6.39926959	631.9615385	164.8060112	4.313469245	77.0996732	5.478291163	3836.473507	60271524.92	113823.243	464070410.2	0.021203042	324.4183328	314.512493	302.8432257	291.3944994	280.1509286	269.3468712	0.628720837	-0.315134104	0.039990005	-0.019875216	-0.031165896	35.59251943	35.24467484	49.97602377	53.58095014	50.78126519	1870.74995	2215.422936	3204.336964	3288.568407	2943.936743	0.306304166	0.583109545	0.162571612	0.267106856	2.549201801	18.5617707	11.88887796	11.40360597	8.986776261	7.31278538	5.670086331	4.041956892	2.71471862	14.83772496	8.824121257	7.231834947	5.1885018	3.834301937	2.655140739	1.686268944	1.010249921	5.087473878	7.875829786	10.98110313	2.325959505	3.332090036	4.107970238	519.5769231	0.582675055	0.31165186	0.485211365	20.62873608	8.671624588	5.036140671	2.915254655	4.256242342	6.775596486	13.99203845	8.62184562	114.2380769	5.675548974	329.8451588	50.44542093	1.99677138	21.80780482	11.46790285	6.712472234	1947.269231	41.61538462	132.3076923
6.4	6.796406795	6.767918432	6.787458548	6.770267425	6.784116507	6.771029904	1100.016129	550.5008066	413.0818766	5798.480597	624953697.6	48543.46585	2499483406	3.089188638	783.1939679	546.8170589	379.5821587	263.4382527	182.7843996	126.7955036	6.796406795	6.786421259	6.789643857	6.786534498	6.787522026	6.786210827	1100.016129	285.9503988	5.957019002	133.3495995	7.985068783	7473.029171	620745098.4	223538.9626	4811044142	0.016544955	562.865903	548.2365747	531.9617611	516.1223145	500.6335824	485.50131	0.652586271	-0.320341115	0.020627841	-0.03623957	0.007075534	34.59468062	32.88008736	48.41110043	51.14204574	48.54466176	1753.865728	2089.729235	3032.307697	3099.056015	2771.731023	0.31666329	0.577455889	0.163548737	0.24594028	2.234731619	17.76952792	11.63029414	11.025381	8.948691394	7.31514918	5.709277702	4.102706703	2.988648421	14.16714017	8.492795969	6.841801637	5.055956959	3.700532724	2.519538111	1.590505801	1.023849539	4.767448904	7.45917917	10.46240566	2.091062771	2.989317753	3.60667564	571.9032258	0.575594999	0.349228377	0.483716066	19.48188651	8.249865434	4.748101065	2.226537904	2.950845525	6.731975692	13.60678622	7.477422666	108.1033871	5.508117295	312.8635029	49.44226089	1.993956861	21.51613576	11.21978923	7.08022399	2452.758065	40.30645161	129.8709677
7.2	6.839007473	6.815385897	6.831690937	6.817297287	6.828956919	6.817955846	945.6486486	473.3243243	355.237162	4650.523014	149866957.4	39048.21017	599518674.8	3.096149232	674.0489365	469.6287376	325.0038908	224.8161901	155.4382964	107.413895	6.839007473	6.829931987	6.832838756	6.830056211	6.830907272	6.829703266	945.6486486	247.165402	6.009081899	115.8443725	7.888299285	6090.599725	148300561.5	180583.0427	1138636470	0.013711728	485.4892424	471.0627093	455.3181435	439.841278	424.8967529	410.3750469	0.684113295	-0.339851881	0.012132321	-0.034610909	0.014922524	37.73956219	32.32051068	50.22863237	54.90632176	49.46722291	1730.536713	2076.768356	3072.111033	3220.782283	2807.354928	0.318892717	0.65938705	0.156372082	0.302407857	2.514744007	17.62125516	11.32538831	10.99691338	8.960266602	7.28536642	5.635083545	4.029653624	2.864145719	14.23946166	8.375526203	6.980132512	5.176838171	3.81822358	2.693149682	1.768454893	1.166869996	5.381584118	8.428939687	11.87826667	2.58558747	3.779920366	4.872037749	580.7837838	0.540343443	0.21425203	0.571185611	19.24968985	7.687643611	4.38569696	3.249374475	3.971431739	6.119096062	11.47931866	4.893573504	82.52675676	5.462534138	311.4954243	48.3218677	1.979237283	20.42733186	9.804236173	5.631097759	2654.297297	41.59459459	129.1351351
